id,name,model_id:id,group_id:id,perm_read,perm_write,perm_create,perm_unlink
access_fixed_premiums_user,hr_payroll_custom.fixed_premiums.user,model_hr_payroll_custom_fixed_premiums,hr_payroll.group_hr_payroll_user,1,1,1,1
access_pay_book_user,hr_payroll_custom.pay_book.user,model_hr_payroll_custom_pay_book,hr_payroll.group_hr_payroll_user,1,1,1,1
access_payroll_by_post_user,hr_payroll_custom.payroll_by_post.user,model_hr_payroll_custom_payroll_by_post,hr_payroll.group_hr_payroll_user,1,1,1,1
access_salary_variation_user,hr_payroll_custom.salary_variation.user,model_hr_payroll_custom_salary_variation,hr_payroll.group_hr_payroll_user,1,1,1,1
access_employee_variation_user,hr_payroll_custom.employee_variation.user,model_hr_payroll_custom_employee_variation,hr_payroll.group_hr_payroll_user,1,1,1,1
access_employee_variation_line_user,hr_payroll_custom.employee_variation_line.user,model_hr_payroll_custom_employee_variation_line,hr_payroll.group_hr_payroll_user,1,1,1,1
access_cnps_slice_user,hr_payroll_custom.cnps_slice.user,model_hr_payroll_custom_cnps_slice,hr_payroll.group_hr_payroll_user,1,1,1,1
access_cnps_cotisation_template_user,hr_payroll_custom.cnps_cotisation_template.user,model_hr_payroll_custom_cnps_cotisation_template,hr_payroll.group_hr_payroll_user,1,1,1,1
access_cnps_monthly_user,hr_payroll_custom.cnps_monthly.user,model_hr_payroll_custom_cnps_monthly,hr_payroll.group_hr_payroll_user,1,1,1,1
access_cmu_monthly_user,hr_payroll_custom.cmu_monthly.user,model_hr_payroll_custom_cmu_monthly,hr_payroll.group_hr_payroll_user,1,1,1,1
access_cmu_monthly_line_user,hr_payroll_custom.cmu_monthly_line.user,model_hr_payroll_custom_cmu_monthly_line,hr_payroll.group_hr_payroll_user,1,1,1,1
access_cnps_monthly_line_user,hr_payroll_custom.cnps_monthly_line.user,model_hr_payroll_custom_cnps_monthly_line,hr_payroll.group_hr_payroll_user,1,1,1,1
access_cnps_monthly_category_line_user,hr_payroll_custom.cnps_monthly_category_line.user,model_hr_payroll_custom_cnps_monthly_category_line,hr_payroll.group_hr_payroll_user,1,1,1,1
access_cnps_monthly_cotisation_line_user,hr_payroll_custom.cnps_monthly_cotisation_line.user,model_hr_payroll_custom_cnps_monthly_cotisation_line,hr_payroll.group_hr_payroll_user,1,1,1,1
access_fdfp_monthly_user,hr_payroll_custom.fdfp_monthly.user,model_hr_payroll_custom_fdfp_monthly,hr_payroll.group_hr_payroll_user,1,1,1,1
access_fdfp_monthly_line_user,hr_payroll_custom.fdfp_monthly_line.user,model_hr_payroll_custom_fdfp_monthly_line,hr_payroll.group_hr_payroll_user,1,1,1,1
access_headcount_by_category_user,hr_payroll_custom.headcount_by_category.user,model_hr_payroll_custom_headcount_by_category,hr_payroll.group_hr_payroll_user,1,1,1,1
access_fdfp_settings_user,hr_payroll_custom.fdfp_settings.user,model_hr_payroll_custom_fdfp_settings,hr_payroll.group_hr_payroll_user,1,1,1,1
access_payroll_variables_user,hr_payroll_custom.payroll_variables.user,model_hr_payroll_custom_payroll_variables,hr_payroll.group_hr_payroll_user,1,1,1,1
access_its_monthly_user,hr_payroll_custom.its_monthly.user,model_hr_payroll_custom_its_monthly,hr_payroll.group_hr_payroll_user,1,1,1,1
access_statement_301_user,hr_payroll_custom.statement_301.user,model_hr_payroll_custom_statement_301,hr_payroll.group_hr_payroll_user,1,1,1,1
access_statement_301_line_user,hr_payroll_custom.statement_301_line.user,model_hr_payroll_custom_statement_301_line,hr_payroll.group_hr_payroll_user,1,1,1,1
access_statement_301_versement_user,hr_payroll_custom.statement_301_versement.user,model_hr_payroll_custom_statement_301_versement,hr_payroll.group_hr_payroll_user,1,1,1,1
access_statement_301_training_tax_user,hr_payroll_custom.statement_301_training_tax.user,model_hr_payroll_custom_statement_301_training_tax,hr_payroll.group_hr_payroll_user,1,1,1,1
access_benefits_in_kind_301_user,hr_payroll_custom.benefits_in_kind_301.user,model_hr_payroll_custom_benefits_in_kind_301,hr_payroll.group_hr_payroll_user,1,1,1,1
access_benefits_in_kind_disa_user,hr_payroll_custom.benefits_in_kind_disa.user,model_hr_payroll_custom_benefits_in_kind_disa,hr_payroll.group_hr_payroll_user,1,1,1,1
access_statement_disa_user,hr_payroll_custom.statement_disa.user,model_hr_payroll_custom_statement_disa,hr_payroll.group_hr_payroll_user,1,1,1,1
access_statement_disa_lineuser,hr_payroll_custom.statement_disa_line.user,model_hr_payroll_custom_statement_disa_line,hr_payroll.group_hr_payroll_user,1,1,1,1
access_cumul_contribution_line_user,hr_payroll_custom.cumul_contribution_line.user,model_hr_payroll_custom_cumul_contribution_line,hr_payroll.group_hr_payroll_user,1,1,1,1
access_balance_any_account_user,hr_payroll_custom.balance_any_account.user,model_hr_payroll_custom_balance_any_account,hr_payroll.group_hr_payroll_user,1,1,1,1
access_taxable_section_user,hr_payroll_custom.taxable_section.user,model_hr_payroll_custom_taxable_section,hr_payroll.group_hr_payroll_user,1,1,1,1
access_not_taxable_section_user,hr_payroll_custom.not_taxable_section.user,model_hr_payroll_custom_not_taxable_section,hr_payroll.group_hr_payroll_user,1,1,1,1
access_salary_elements_user,hr_payroll_custom.salary_elements.user,model_hr_payroll_custom_salary_elements,hr_payroll.group_hr_payroll_user,1,1,1,1
access_allowances_user,hr_payroll_custom.allowances.user,model_hr_payroll_custom_allowances,hr_payroll.group_hr_payroll_user,1,1,1,1
access_tax_balance_any_account_user,hr_payroll_custom.tax_balance_any_account.user,model_hr_payroll_custom_tax_balance_any_account,hr_payroll.group_hr_payroll_user,1,1,1,1
access_last_salary_line_user,hr_payroll_custom.last_salary_line.user,model_hr_payroll_custom_last_salary_line,hr_payroll.group_hr_payroll_user,1,1,1,1
access_employee_category_user,hr_payroll_custom.employee_category.user,model_hr_payroll_custom_employee_category,hr_payroll.group_hr_payroll_user,1,1,1,1
access_inverse_calculation_user,hr_payroll_custom.inverse_calculation.user,model_hr_payroll_custom_inverse_calculation,hr_payroll.group_hr_payroll_user,1,1,1,1
